{"cameraMode":{"drawMode":0,"name":"Shaded","section":"Shading Mode"},"sceneLighting":false,"audioPlay":false,"sceneViewState":{"showFog":false,"showMaterialUpdate":false,"showSkybox":false,"showFlares":false,"showImageEffects":false,"showParticleSystems":false},"in2DMode":false,"pivot":{"x":-30.560001373291017,"y":-64.45866394042969,"z":-10.926605224609375},"rotation":{"x":0.04865376278758049,"y":0.09573827683925629,"z":-0.00468512624502182,"w":0.9942066669464111},"size":8.229255676269532,"orthographic":false}