{"cameraMode":{"drawMode":0,"name":"Shaded","section":"Shading Mode"},"sceneLighting":true,"audioPlay":false,"sceneViewState":{"showFog":false,"showMaterialUpdate":false,"showSkybox":false,"showFlares":false,"showImageEffects":false,"showParticleSystems":false},"in2DMode":false,"pivot":{"x":2.736219644546509,"y":0.3600006103515625,"z":13.233101844787598},"rotation":{"x":0.04865376278758049,"y":0.09573827683925629,"z":-0.00468512624502182,"w":0.9942066669464111},"size":9.28591251373291,"orthographic":false}