{"cameraMode":{"drawMode":0,"name":"Shaded","section":"Shading Mode"},"sceneLighting":true,"audioPlay":false,"sceneViewState":{"showFog":false,"showMaterialUpdate":false,"showSkybox":false,"showFlares":false,"showImageEffects":false,"showParticleSystems":false},"in2DMode":false,"pivot":{"x":2.575897216796875,"y":10.67626953125,"z":-31.248046875},"rotation":{"x":0.06833996623754502,"y":-0.011971652507781983,"z":0.0008201234741136432,"w":0.9975898265838623},"size":10.64814567565918,"orthographic":true}