{"cameraMode":{"drawMode":0,"name":"Shaded","section":"Shading Mode"},"sceneLighting":false,"audioPlay":false,"sceneViewState":{"showFog":false,"showMaterialUpdate":false,"showSkybox":false,"showFlares":false,"showImageEffects":false,"showParticleSystems":false},"in2DMode":false,"pivot":{"x":4.004090785980225,"y":2.5193541049957277,"z":3.0406172275543215},"rotation":{"x":-0.043919239193201068,"y":0.21615800261497498,"z":0.009733862243592739,"w":0.9753233790397644},"size":12.434751510620118,"orthographic":false}